{"stat.craftItem.minecraft.leather_leggings":1,"stat.useItem.minecraft.bow":4,"stat.useItem.minecraft.chain_command_block":3,"stat.useItem.minecraft.quartz_block":985,"stat.pickup.minecraft.redstone_torch":55,"stat.leaveGame":10,"stat.useItem.minecraft.skull":45,"stat.useItem.minecraft.glowstone":7,"stat.mineBlock.minecraft.stained_glass":8,"stat.swimOneCm":28747,"stat.drop.minecraft.skull":4,"stat.useItem.minecraft.concrete_powder":63,"stat.useItem.minecraft.planks":270,"stat.enderchestOpened":2,"stat.useItem.minecraft.redstone_torch":42,"stat.useItem.minecraft.dirt":101,"stat.useItem.minecraft.water_bucket":5,"stat.drop.minecraft.redstone_torch":7,"stat.useItem.minecraft.white_glazed_terracotta":2,"stat.flyOneCm":5718896,"stat.drop.minecraft.snow_layer":1,"stat.timeSinceDeath":43505,"stat.hopperInspected":3,"stat.useItem.minecraft.sign":108,"stat.useItem.minecraft.red_glazed_terracotta":4,"stat.useItem.minecraft.lever":1,"stat.useItem.minecraft.oak_stairs":167,"stat.pickup.minecraft.stonebrick":1,"stat.useItem.minecraft.armor_stand":82,"stat.drop.minecraft.stone_slab":1,"stat.pickup.minecraft.snow_layer":3,"stat.useItem.minecraft.milk_bucket":1,"stat.sprintOneCm":685882,"stat.useItem.minecraft.stained_glass":38,"stat.useItem.minecraft.stone_stairs":20,"stat.pickup.minecraft.skull":41,"stat.drop.minecraft.potion":2,"stat.useItem.minecraft.stone_slab":252,"stat.pickup.minecraft.grass":4,"stat.useItem.minecraft.magenta_glazed_terracotta":9,"stat.useItem.minecraft.wooden_button":2,"stat.useItem.minecraft.diamond_pickaxe":16,"stat.useItem.minecraft.carrot":5,"stat.useItem.minecraft.dye":4,"stat.pickup.minecraft.lever":1,"stat.deaths":78,"stat.drop":83,"stat.playOneMinute":1054003,"stat.craftItem.minecraft.leather_chestplate":1,"stat.drop.minecraft.string":1,"stat.drop.minecraft.torch":2,"stat.useItem.minecraft.light_blue_glazed_terracotta":251,"stat.diveOneCm":3690,"stat.drop.minecraft.diamond_pickaxe":2,"stat.pickup.minecraft.sign":4,"stat.useItem.minecraft.stone":35,"stat.useItem.minecraft.quartz_stairs":485,"stat.useItem.minecraft.ender_chest":2,"stat.useItem.minecraft.carpet":4,"stat.useItem.minecraft.potion":3,"stat.useItem.minecraft.stained_glass_pane":93,"stat.useItem.minecraft.bedrock":2,"stat.jump":2726,"stat.fallOneCm":305428,"stat.crouchOneCm":28245,"stat.useItem.minecraft.stone_button":30,"stat.craftingTableInteraction":3,"stat.drop.minecraft.concrete_powder":3,"stat.useItem.minecraft.glass":3,"stat.drop.minecraft.barrier":1,"stat.pickup.minecraft.command_block":129,"stat.useItem.minecraft.redstone_lamp":7,"stat.damageTaken":3992,"stat.useItem.minecraft.stone_brick_stairs":18,"stat.drop.minecraft.concrete":6,"stat.pickup.minecraft.planks":1,"stat.useItem.minecraft.slime":2,"stat.pickup.minecraft.concrete":3,"stat.pickup.minecraft.stained_glass":1,"stat.damageDealt":302,"stat.useItem.minecraft.snow_layer":6,"stat.useItem.minecraft.wool":5,"stat.useItem.minecraft.crafting_table":1,"stat.useItem.minecraft.command_block":21,"stat.walkOneCm":592007,"stat.useItem.minecraft.torch":19,"stat.pickup.minecraft.diamond_pickaxe":3,"stat.useItem.minecraft.log":65,"stat.useItem.minecraft.cobblestone":27,"stat.craftItem.minecraft.leather_boots":1,"stat.drop.minecraft.iron_block":1,"stat.drop.minecraft.sign":3,"stat.drop.minecraft.stonebrick":1,"stat.useItem.minecraft.redstone_block":29,"stat.useItem.minecraft.spruce_stairs":101,"stat.drop.minecraft.planks":1,"stat.useItem.minecraft.stained_hardened_clay":196,"stat.useItem.minecraft.tallgrass":2,"stat.useItem.minecraft.concrete":1397,"stat.pickup.minecraft.barrier":1,"stat.drop.minecraft.lever":1,"stat.useItem.minecraft.barrier":104,"stat.useItem.minecraft.iron_block":80,"stat.pickup.minecraft.concrete_powder":1,"stat.useItem.minecraft.stonebrick":20,"stat.useItem.minecraft.mossy_cobblestone":4,"stat.pickup.minecraft.torch":16,"stat.sneakTime":25646,"stat.pickup.minecraft.stone_slab":1,"stat.drop.minecraft.grass":46}