{"stat.useItem.minecraft.string":11,"stat.pickup.minecraft.repeating_command_block":2,"stat.useItem.minecraft.chain_command_block":268,"stat.useItem.minecraft.quartz_block":241,"stat.pickup.minecraft.redstone_torch":88,"stat.useItem.minecraft.repeater":64,"stat.leaveGame":22,"stat.useItem.minecraft.beacon":15,"stat.useItem.minecraft.bookshelf":27,"stat.useItem.minecraft.soul_sand":15,"stat.useItem.minecraft.skull":42,"stat.drop.minecraft.redstone":23,"stat.useItem.minecraft.repeating_command_block":86,"stat.mineBlock.minecraft.stained_glass":5,"stat.swimOneCm":6477,"stat.drop.minecraft.skull":40,"stat.useItem.minecraft.snow":3,"stat.useItem.minecraft.concrete_powder":62,"stat.climbOneCm":366,"stat.useItem.minecraft.planks":262,"stat.drop.minecraft.sticky_piston":2,"stat.enderchestOpened":1,"stat.useItem.minecraft.redstone_torch":80,"stat.pickup.minecraft.sticky_piston":2,"stat.useItem.minecraft.dirt":2415,"stat.useItem.minecraft.water_bucket":13,"stat.drop.minecraft.redstone_torch":14,"stat.flyOneCm":11562409,"stat.drop.minecraft.snow_layer":1,"stat.pickup.minecraft.redstone":19,"stat.timeSinceDeath":12693,"stat.hopperInspected":30,"stat.useItem.minecraft.sign":121,"stat.pickup.minecraft.stained_hardened_clay":3,"stat.useItem.minecraft.red_glazed_terracotta":127,"stat.drop.minecraft.repeater":5,"stat.useItem.minecraft.lever":1,"stat.drop.minecraft.diamond_chestplate":10,"stat.useItem.minecraft.oak_stairs":18,"stat.drop.minecraft.stained_glass":40,"stat.drop.minecraft.dirt":1,"stat.pickup.minecraft.wooden_button":2,"stat.useItem.minecraft.armor_stand":12,"stat.pickup.minecraft.string":1,"stat.pickup.minecraft.snow_layer":9,"stat.useItem.minecraft.redstone":321,"stat.drop.minecraft.stained_hardened_clay":3,"stat.drop.minecraft.wooden_button":1,"stat.drop.minecraft.oak_stairs":1,"stat.useItem.minecraft.dropper":1,"stat.useItem.minecraft.blue_shulker_box":7,"stat.sprintOneCm":872898,"stat.useItem.minecraft.stained_glass":154,"stat.useItem.minecraft.hay_block":1,"stat.pickup.minecraft.skull":7,"stat.useItem.minecraft.stone_slab":52,"stat.pickup.minecraft.stone_stairs":1,"stat.pickup.minecraft.grass":48,"stat.useItem.minecraft.magenta_glazed_terracotta":456,"stat.useItem.minecraft.wooden_button":70,"stat.useItem.minecraft.structure_block":1,"stat.useItem.minecraft.diamond_pickaxe":6,"stat.useItem.minecraft.hopper":20,"stat.pickup.minecraft.diamond_chestplate":10,"stat.useItem.minecraft.dye":225,"stat.deaths":57,"stat.drop":270,"stat.playOneMinute":1139832,"stat.pickup.minecraft.stone_button":2,"stat.useItem.minecraft.ladder":5,"stat.drop.minecraft.redstone_block":2,"stat.pickup.minecraft.iron_block":37,"stat.drop.minecraft.torch":2,"stat.useItem.minecraft.light_blue_glazed_terracotta":1,"stat.drop.minecraft.diamond_pickaxe":3,"stat.diveOneCm":19,"stat.useItem.minecraft.splash_potion":17,"stat.useItem.minecraft.sticky_piston":18,"stat.pickup.minecraft.sign":3,"stat.drop.minecraft.hopper":8,"stat.useItem.minecraft.stone":21,"stat.useItem.minecraft.quartz_stairs":77,"stat.useItem.minecraft.sponge":29,"stat.useItem.minecraft.black_glazed_terracotta":2,"stat.useItem.minecraft.carpet":54,"stat.useItem.minecraft.potion":3,"stat.useItem.minecraft.stained_glass_pane":6,"stat.jump":4753,"stat.useItem.minecraft.sand":1,"stat.fallOneCm":237863,"stat.drop.minecraft.dye":1,"stat.crouchOneCm":155668,"stat.pickup.minecraft.dirt":1,"stat.useItem.minecraft.stone_button":22,"stat.mineBlock.minecraft.concrete_powder":2,"stat.drop.minecraft.stained_glass_pane":1,"stat.drop.minecraft.concrete_powder":5,"stat.dropperInspected":4,"stat.drop.minecraft.barrier":2,"stat.pickup.minecraft.command_block":4,"stat.useItem.minecraft.redstone_lamp":4,"stat.pickup.minecraft.comparator":1,"stat.pickup.minecraft.repeater":4,"stat.damageTaken":4732,"stat.useItem.minecraft.gold_block":1,"stat.drop.minecraft.stone_button":3,"stat.drop.minecraft.concrete":26,"stat.pickup.minecraft.dye":2,"stat.pickup.minecraft.planks":2,"stat.useItem.minecraft.slime":21,"stat.pickup.minecraft.concrete":9,"stat.pickup.minecraft.quartz_block":11,"stat.useItem.minecraft.enchanting_table":1,"stat.useItem.minecraft.orange_shulker_box":2,"stat.pickup.minecraft.stained_glass":30,"stat.damageDealt":172,"stat.drop.minecraft.magenta_glazed_terracotta":2,"stat.useItem.minecraft.snow_layer":73,"stat.drop.minecraft.emerald_block":1,"stat.useItem.minecraft.command_block":344,"stat.walkOneCm":915063,"stat.useItem.minecraft.torch":25,"stat.pickup.minecraft.diamond_pickaxe":2,"stat.useItem.minecraft.comparator":36,"stat.drop.minecraft.tallgrass":1,"stat.useItem.minecraft.emerald_block":2,"stat.pickup.minecraft.magenta_glazed_terracotta":1,"stat.pickup.minecraft.redstone_block":1,"stat.pickup.minecraft.log":1,"stat.drop.minecraft.iron_block":39,"stat.drop.minecraft.sign":5,"stat.useItem.minecraft.redstone_block":130,"stat.useItem.minecraft.item_frame":4,"stat.shulkerBoxOpened":3,"stat.pickup.minecraft.stone":1,"stat.useItem.minecraft.spruce_stairs":81,"stat.drop.minecraft.planks":3,"stat.pickup.minecraft.hopper":3,"stat.useItem.minecraft.stained_hardened_clay":72,"stat.drop.minecraft.command_block":66,"stat.useItem.minecraft.tallgrass":7,"stat.useItem.minecraft.concrete":210,"stat.useItem.minecraft.glass_pane":12,"stat.useItem.minecraft.tripwire_hook":79,"stat.useItem.minecraft.barrier":279,"stat.itemEnchanted":9,"stat.mineBlock.minecraft.redstone_torch":2,"stat.useItem.minecraft.iron_block":579,"stat.pickup.minecraft.concrete_powder":4,"stat.drop.minecraft.comparator":2,"stat.useItem.minecraft.daylight_detector":1,"stat.drop.minecraft.repeating_command_block":1,"stat.useItem.minecraft.writable_book":1,"stat.pickup.minecraft.torch":19,"stat.pickup.minecraft.spruce_stairs":1,"stat.sneakTime":67440,"stat.drop.minecraft.quartz_block":10,"stat.mineBlock.minecraft.orange_shulker_box":1,"stat.drop.minecraft.grass":9}